centre_id,contact_name,contact_email,primary_contact
1176, Hafsa Rhroudi,exams@ipcampus.nl,TRUE
1179,Resalyn Cae Nicolas,ResalynCae.Nicolas@britishcouncil.org,TRUE
1179,Divine Barcelona,DivinaAmor.Barcelona@britishcouncil.org,FALSE
3243,Hannah Esguerra,hannah.esguerra@idp.com,TRUE
4596,Carla Castro,operations.bcn.islands@britishcouncil.org,TRUE
4596,Carla Castro,carla.castro@britishcouncil.es,FALSE
4596,morvyn ruiz-mcomish,morvyn.ruiz-mcomish@britishcouncil.es,FALSE
5688,Syed Omer Farooque,sofarooque@mosaicbc.org,TRUE
5802,Kabir Khadgi,kabir.khadgi@idp.com,TRUE
